hour,day,hour_of_day,base_load_kw,solar_gen_kw,ev_plugged_in,ev_soc_kwh,ev_capacity_kwh,ev_daily_discharge_kwh,home_battery_soc_kwh,home_battery_capacity_kwh
0,0,0,0.9615,0.0,1,30.0,100.0,15.0,10.0,20.0
1,0,1,0.9016,0.0,1,30.0,100.0,15.0,10.0,20.0
2,0,2,0.9617,0.0,1,30.0,100.0,15.0,10.0,20.0
3,0,3,0.9622,0.0,1,30.0,100.0,15.0,10.0,20.0
4,0,4,1.0936,0.0,1,30.0,100.0,15.0,10.0,20.0
5,0,5,1.1929,0.0,1,30.0,100.0,15.0,10.0,20.0
6,0,6,1.1638,0.0,1,30.0,100.0,15.0,10.0,20.0
7,0,7,1.5695,1.7238,0,15.0,100.0,15.0,10.0,20.0
8,0,8,1.4661,2.7655,0,15.0,100.0,15.0,10.0,20.0
9,0,9,1.4239,4.927,0,15.0,100.0,15.0,10.0,20.0
10,0,10,1.3791,6.3706,0,15.0,100.0,15.0,10.0,20.0
11,0,11,1.609,5.932,0,15.0,100.0,15.0,10.0,20.0
12,0,12,1.8732,9.6079,0,15.0,100.0,15.0,10.0,20.0
13,0,13,1.5581,3.7525,0,15.0,100.0,15.0,10.0,20.0
14,0,14,1.6734,7.5074,0,15.0,100.0,15.0,10.0,20.0
15,0,15,1.4865,5.021,0,15.0,100.0,15.0,10.0,20.0
16,0,16,1.5282,6.2892,0,15.0,100.0,15.0,10.0,20.0
17,0,17,1.372,5.5141,0,15.0,100.0,15.0,10.0,20.0
18,0,18,1.2642,2.8383,1,15.0,100.0,15.0,10.0,20.0
19,0,19,1.3516,1.4635,1,15.0,100.0,15.0,10.0,20.0
20,0,20,1.0335,0.0,1,15.0,100.0,15.0,10.0,20.0
21,0,21,0.8259,0.0,1,15.0,100.0,15.0,10.0,20.0
22,0,22,0.817,0.0,1,15.0,100.0,15.0,10.0,20.0
23,0,23,0.9582,0.0,1,15.0,100.0,15.0,10.0,20.0
24,1,0,0.9631,0.0,1,15.0,100.0,15.0,10.0,20.0
25,1,1,0.8629,0.0,1,15.0,100.0,15.0,10.0,20.0
26,1,2,0.9377,0.0,1,15.0,100.0,15.0,10.0,20.0
27,1,3,0.966,0.0,1,15.0,100.0,15.0,10.0,20.0
28,1,4,1.2014,0.0,1,15.0,100.0,15.0,10.0,20.0
29,1,5,1.0161,0.0,1,15.0,100.0,15.0,10.0,20.0
30,1,6,1.071,0.0,1,15.0,100.0,15.0,10.0,20.0
31,1,7,1.2772,2.0541,0,10.0,100.0,15.0,10.0,20.0
32,1,8,1.3437,2.9541,0,10.0,100.0,15.0,10.0,20.0
33,1,9,1.416,5.2146,0,10.0,100.0,15.0,10.0,20.0
34,1,10,1.5721,5.5436,0,10.0,100.0,15.0,10.0,20.0
35,1,11,1.6447,5.3616,0,10.0,100.0,15.0,10.0,20.0
36,1,12,1.6899,7.8482,0,10.0,100.0,15.0,10.0,20.0
37,1,13,1.6547,7.4196,0,10.0,100.0,15.0,10.0,20.0
38,1,14,1.3764,8.1639,0,10.0,100.0,15.0,10.0,20.0
39,1,15,1.3289,8.7064,0,10.0,100.0,15.0,10.0,20.0
40,1,16,1.6066,6.7795,0,10.0,100.0,15.0,10.0,20.0
41,1,17,1.1123,5.8168,0,10.0,100.0,15.0,10.0,20.0
42,1,18,1.3964,3.1962,1,10.0,100.0,15.0,10.0,20.0
43,1,19,1.2435,1.5177,1,10.0,100.0,15.0,10.0,20.0
44,1,20,1.1885,0.0,1,10.0,100.0,15.0,10.0,20.0
45,1,21,0.9667,0.0,1,10.0,100.0,15.0,10.0,20.0
46,1,22,0.9507,0.0,1,10.0,100.0,15.0,10.0,20.0
47,1,23,0.8243,0.0,1,10.0,100.0,15.0,10.0,20.0
48,2,0,0.9538,0.0,1,10.0,100.0,15.0,10.0,20.0
49,2,1,0.9816,0.0,1,10.0,100.0,15.0,10.0,20.0
50,2,2,0.8868,0.0,1,10.0,100.0,15.0,10.0,20.0
51,2,3,1.0055,0.0,1,10.0,100.0,15.0,10.0,20.0
52,2,4,1.126,0.0,1,10.0,100.0,15.0,10.0,20.0
53,2,5,1.1637,0.0,1,10.0,100.0,15.0,10.0,20.0
54,2,6,1.1868,0.0,1,10.0,100.0,15.0,10.0,20.0
55,2,7,1.0892,1.0195,0,10.0,100.0,15.0,10.0,20.0
56,2,8,1.5312,3.4108,0,10.0,100.0,15.0,10.0,20.0
57,2,9,1.244,4.4481,0,10.0,100.0,15.0,10.0,20.0
58,2,10,1.7853,1.0846,0,10.0,100.0,15.0,10.0,20.0
59,2,11,1.4406,4.3988,0,10.0,100.0,15.0,10.0,20.0
60,2,12,1.3535,6.6603,0,10.0,100.0,15.0,10.0,20.0
61,2,13,1.6381,7.4272,0,10.0,100.0,15.0,10.0,20.0
62,2,14,1.645,7.9084,0,10.0,100.0,15.0,10.0,20.0
63,2,15,1.3003,8.6011,0,10.0,100.0,15.0,10.0,20.0
64,2,16,1.075,7.4785,0,10.0,100.0,15.0,10.0,20.0
65,2,17,1.1591,5.2312,0,10.0,100.0,15.0,10.0,20.0
66,2,18,1.3351,3.5074,1,10.0,100.0,15.0,10.0,20.0
67,2,19,1.1482,1.24,1,10.0,100.0,15.0,10.0,20.0
68,2,20,1.0684,0.0,1,10.0,100.0,15.0,10.0,20.0
69,2,21,0.9738,0.0,1,10.0,100.0,15.0,10.0,20.0
70,2,22,0.8225,0.0,1,10.0,100.0,15.0,10.0,20.0
71,2,23,0.776,0.0,1,10.0,100.0,15.0,10.0,20.0
72,3,0,0.718,0.0,1,10.0,100.0,15.0,10.0,20.0
73,3,1,0.7793,0.0,1,10.0,100.0,15.0,10.0,20.0
74,3,2,0.9457,0.0,1,10.0,100.0,15.0,10.0,20.0
75,3,3,0.8359,0.0,1,10.0,100.0,15.0,10.0,20.0
76,3,4,1.1239,0.0,1,10.0,100.0,15.0,10.0,20.0
77,3,5,1.0039,0.0,1,10.0,100.0,15.0,10.0,20.0
78,3,6,1.3701,0.0,1,10.0,100.0,15.0,10.0,20.0
79,3,7,1.1752,1.024,0,10.0,100.0,15.0,10.0,20.0
80,3,8,1.3883,2.3876,0,10.0,100.0,15.0,10.0,20.0
81,3,9,1.4106,4.637,0,10.0,100.0,15.0,10.0,20.0
82,3,10,1.3923,5.4729,0,10.0,100.0,15.0,10.0,20.0
83,3,11,1.6965,6.9237,0,10.0,100.0,15.0,10.0,20.0
84,3,12,1.6548,6.1009,0,10.0,100.0,15.0,10.0,20.0
85,3,13,1.5568,5.8365,0,10.0,100.0,15.0,10.0,20.0
86,3,14,1.5158,5.9123,0,10.0,100.0,15.0,10.0,20.0
87,3,15,1.4201,6.3,0,10.0,100.0,15.0,10.0,20.0
88,3,16,1.3869,6.3731,0,10.0,100.0,15.0,10.0,20.0
89,3,17,1.491,2.7424,0,10.0,100.0,15.0,10.0,20.0
90,3,18,1.372,3.14,1,10.0,100.0,15.0,10.0,20.0
91,3,19,0.9786,1.3996,1,10.0,100.0,15.0,10.0,20.0
92,3,20,0.9709,0.0,1,10.0,100.0,15.0,10.0,20.0
93,3,21,0.8583,0.0,1,10.0,100.0,15.0,10.0,20.0
94,3,22,1.0301,0.0,1,10.0,100.0,15.0,10.0,20.0
95,3,23,0.7029,0.0,1,10.0,100.0,15.0,10.0,20.0
96,4,0,0.7879,0.0,1,10.0,100.0,15.0,10.0,20.0
97,4,1,0.7014,0.0,1,10.0,100.0,15.0,10.0,20.0
98,4,2,0.7641,0.0,1,10.0,100.0,15.0,10.0,20.0
99,4,3,1.0301,0.0,1,10.0,100.0,15.0,10.0,20.0
100,4,4,1.0895,0.0,1,10.0,100.0,15.0,10.0,20.0
101,4,5,1.1677,0.0,1,10.0,100.0,15.0,10.0,20.0
102,4,6,1.2062,0.0,1,10.0,100.0,15.0,10.0,20.0
103,4,7,1.1642,2.0081,0,10.0,100.0,15.0,10.0,20.0
104,4,8,1.3244,3.6606,0,10.0,100.0,15.0,10.0,20.0
105,4,9,1.4394,5.4497,0,10.0,100.0,15.0,10.0,20.0
106,4,10,1.644,5.6939,0,10.0,100.0,15.0,10.0,20.0
107,4,11,1.6248,6.3346,0,10.0,100.0,15.0,10.0,20.0
108,4,12,1.514,9.2995,0,10.0,100.0,15.0,10.0,20.0
109,4,13,1.7703,4.3283,0,10.0,100.0,15.0,10.0,20.0
110,4,14,1.6364,7.4802,0,10.0,100.0,15.0,10.0,20.0
111,4,15,1.272,5.6761,0,10.0,100.0,15.0,10.0,20.0
112,4,16,1.4437,6.4655,0,10.0,100.0,15.0,10.0,20.0
113,4,17,1.32,5.6528,0,10.0,100.0,15.0,10.0,20.0
114,4,18,1.4076,3.2997,1,10.0,100.0,15.0,10.0,20.0
115,4,19,1.1992,1.8399,1,10.0,100.0,15.0,10.0,20.0
116,4,20,0.9544,0.0,1,10.0,100.0,15.0,10.0,20.0
117,4,21,1.0098,0.0,1,10.0,100.0,15.0,10.0,20.0
118,4,22,0.9653,0.0,1,10.0,100.0,15.0,10.0,20.0
119,4,23,0.7206,0.0,1,10.0,100.0,15.0,10.0,20.0
120,5,0,0.9168,0.0,1,10.0,100.0,15.0,10.0,20.0
121,5,1,0.6782,0.0,1,10.0,100.0,15.0,10.0,20.0
122,5,2,0.8145,0.0,1,10.0,100.0,15.0,10.0,20.0
123,5,3,0.8548,0.0,1,10.0,100.0,15.0,10.0,20.0
124,5,4,1.0776,0.0,1,10.0,100.0,15.0,10.0,20.0
125,5,5,0.9881,0.0,1,10.0,100.0,15.0,10.0,20.0
126,5,6,1.1955,0.0,1,10.0,100.0,15.0,10.0,20.0
127,5,7,1.2882,1.8922,0,10.0,100.0,15.0,10.0,20.0
128,5,8,1.5229,1.8183,0,10.0,100.0,15.0,10.0,20.0
129,5,9,1.4804,4.6821,0,10.0,100.0,15.0,10.0,20.0
130,5,10,1.7265,4.4776,0,10.0,100.0,15.0,10.0,20.0
131,5,11,1.6602,3.2807,0,10.0,100.0,15.0,10.0,20.0
132,5,12,1.862,8.7083,0,10.0,100.0,15.0,10.0,20.0
133,5,13,1.2009,5.206,0,10.0,100.0,15.0,10.0,20.0
134,5,14,1.7707,5.4693,0,10.0,100.0,15.0,10.0,20.0
135,5,15,1.6137,6.689,0,10.0,100.0,15.0,10.0,20.0
136,5,16,1.4782,6.2201,0,10.0,100.0,15.0,10.0,20.0
137,5,17,1.0027,4.8381,0,10.0,100.0,15.0,10.0,20.0
138,5,18,1.2522,3.8491,1,10.0,100.0,15.0,10.0,20.0
139,5,19,1.0333,1.9549,1,10.0,100.0,15.0,10.0,20.0
140,5,20,1.1079,0.0,1,10.0,100.0,15.0,10.0,20.0
141,5,21,0.9838,0.0,1,10.0,100.0,15.0,10.0,20.0
142,5,22,1.0167,0.0,1,10.0,100.0,15.0,10.0,20.0
143,5,23,0.7822,0.0,1,10.0,100.0,15.0,10.0,20.0
144,6,0,0.8835,0.0,1,10.0,100.0,15.0,10.0,20.0
145,6,1,0.8742,0.0,1,10.0,100.0,15.0,10.0,20.0
146,6,2,0.9412,0.0,1,10.0,100.0,15.0,10.0,20.0
147,6,3,0.8474,0.0,1,10.0,100.0,15.0,10.0,20.0
148,6,4,0.921,0.0,1,10.0,100.0,15.0,10.0,20.0
149,6,5,1.2371,0.0,1,10.0,100.0,15.0,10.0,20.0
150,6,6,1.1731,0.0,1,10.0,100.0,15.0,10.0,20.0
151,6,7,1.209,1.8917,0,10.0,100.0,15.0,10.0,20.0
152,6,8,1.5937,2.3561,0,10.0,100.0,15.0,10.0,20.0
153,6,9,1.4654,4.4006,0,10.0,100.0,15.0,10.0,20.0
154,6,10,1.6686,5.5415,0,10.0,100.0,15.0,10.0,20.0
155,6,11,1.4262,6.6723,0,10.0,100.0,15.0,10.0,20.0
156,6,12,1.6068,9.3304,0,10.0,100.0,15.0,10.0,20.0
157,6,13,1.7169,1.5538,0,10.0,100.0,15.0,10.0,20.0
158,6,14,1.4504,7.0342,0,10.0,100.0,15.0,10.0,20.0
159,6,15,1.4186,6.405,0,10.0,100.0,15.0,10.0,20.0
160,6,16,1.3137,5.2476,0,10.0,100.0,15.0,10.0,20.0
161,6,17,1.2094,5.5999,0,10.0,100.0,15.0,10.0,20.0
162,6,18,1.2244,3.2225,1,10.0,100.0,15.0,10.0,20.0
163,6,19,1.259,1.9685,1,10.0,100.0,15.0,10.0,20.0
164,6,20,0.9968,0.0,1,10.0,100.0,15.0,10.0,20.0
165,6,21,0.8582,0.0,1,10.0,100.0,15.0,10.0,20.0
166,6,22,0.8711,0.0,1,10.0,100.0,15.0,10.0,20.0
167,6,23,0.8097,0.0,1,10.0,100.0,15.0,10.0,20.0
168,7,0,0.598,0.0,1,10.0,100.0,15.0,10.0,20.0
169,7,1,0.8598,0.0,1,10.0,100.0,15.0,10.0,20.0
170,7,2,0.986,0.0,1,10.0,100.0,15.0,10.0,20.0
171,7,3,0.9323,0.0,1,10.0,100.0,15.0,10.0,20.0
172,7,4,1.089,0.0,1,10.0,100.0,15.0,10.0,20.0
173,7,5,1.0207,0.0,1,10.0,100.0,15.0,10.0,20.0
174,7,6,0.9575,0.0,1,10.0,100.0,15.0,10.0,20.0
175,7,7,1.2138,1.9158,0,10.0,100.0,15.0,10.0,20.0
176,7,8,1.2564,3.7697,0,10.0,100.0,15.0,10.0,20.0
177,7,9,1.4422,5.8807,0,10.0,100.0,15.0,10.0,20.0
178,7,10,1.6563,4.9064,0,10.0,100.0,15.0,10.0,20.0
179,7,11,1.6265,8.3546,0,10.0,100.0,15.0,10.0,20.0
180,7,12,1.4047,9.4388,0,10.0,100.0,15.0,10.0,20.0
181,7,13,1.768,9.0158,0,10.0,100.0,15.0,10.0,20.0
182,7,14,1.2836,6.8596,0,10.0,100.0,15.0,10.0,20.0
183,7,15,1.2867,6.3781,0,10.0,100.0,15.0,10.0,20.0
184,7,16,1.4811,6.4518,0,10.0,100.0,15.0,10.0,20.0
185,7,17,1.3456,4.2361,0,10.0,100.0,15.0,10.0,20.0
186,7,18,1.1269,4.127,1,10.0,100.0,15.0,10.0,20.0
187,7,19,1.1267,1.2756,1,10.0,100.0,15.0,10.0,20.0
188,7,20,1.0914,0.0,1,10.0,100.0,15.0,10.0,20.0
189,7,21,1.0726,0.0,1,10.0,100.0,15.0,10.0,20.0
190,7,22,0.9328,0.0,1,10.0,100.0,15.0,10.0,20.0
191,7,23,0.8134,0.0,1,10.0,100.0,15.0,10.0,20.0
192,8,0,0.8676,0.0,1,10.0,100.0,15.0,10.0,20.0
193,8,1,0.9184,0.0,1,10.0,100.0,15.0,10.0,20.0
194,8,2,0.8053,0.0,1,10.0,100.0,15.0,10.0,20.0
195,8,3,0.8448,0.0,1,10.0,100.0,15.0,10.0,20.0
196,8,4,1.1135,0.0,1,10.0,100.0,15.0,10.0,20.0
197,8,5,1.0667,0.0,1,10.0,100.0,15.0,10.0,20.0
198,8,6,1.2311,0.0,1,10.0,100.0,15.0,10.0,20.0
199,8,7,1.3048,1.8008,0,10.0,100.0,15.0,10.0,20.0
200,8,8,1.1486,3.8892,0,10.0,100.0,15.0,10.0,20.0
201,8,9,1.4187,3.7988,0,10.0,100.0,15.0,10.0,20.0
202,8,10,1.5424,5.2219,0,10.0,100.0,15.0,10.0,20.0
203,8,11,1.3935,7.6695,0,10.0,100.0,15.0,10.0,20.0
204,8,12,1.4225,7.1418,0,10.0,100.0,15.0,10.0,20.0
205,8,13,1.365,5.2848,0,10.0,100.0,15.0,10.0,20.0
206,8,14,1.507,3.9812,0,10.0,100.0,15.0,10.0,20.0
207,8,15,1.6968,6.3977,0,10.0,100.0,15.0,10.0,20.0
208,8,16,1.4359,6.8079,0,10.0,100.0,15.0,10.0,20.0
209,8,17,1.2374,4.8476,0,10.0,100.0,15.0,10.0,20.0
210,8,18,1.3616,3.5881,1,10.0,100.0,15.0,10.0,20.0
211,8,19,1.1111,1.7986,1,10.0,100.0,15.0,10.0,20.0
212,8,20,1.0883,0.0,1,10.0,100.0,15.0,10.0,20.0
213,8,21,0.9011,0.0,1,10.0,100.0,15.0,10.0,20.0
214,8,22,0.8308,0.0,1,10.0,100.0,15.0,10.0,20.0
215,8,23,0.9078,0.0,1,10.0,100.0,15.0,10.0,20.0
216,9,0,0.9736,0.0,1,10.0,100.0,15.0,10.0,20.0
217,9,1,0.688,0.0,1,10.0,100.0,15.0,10.0,20.0
218,9,2,0.9014,0.0,1,10.0,100.0,15.0,10.0,20.0
219,9,3,0.9626,0.0,1,10.0,100.0,15.0,10.0,20.0
220,9,4,1.018,0.0,1,10.0,100.0,15.0,10.0,20.0
221,9,5,1.0965,0.0,1,10.0,100.0,15.0,10.0,20.0
222,9,6,1.3273,0.0,1,10.0,100.0,15.0,10.0,20.0
223,9,7,1.3378,1.6183,0,10.0,100.0,15.0,10.0,20.0
224,9,8,1.1579,2.4429,0,10.0,100.0,15.0,10.0,20.0
225,9,9,1.5598,4.1892,0,10.0,100.0,15.0,10.0,20.0
226,9,10,1.3785,5.9771,0,10.0,100.0,15.0,10.0,20.0
227,9,11,1.3869,4.2931,0,10.0,100.0,15.0,10.0,20.0
228,9,12,1.4318,8.9154,0,10.0,100.0,15.0,10.0,20.0
229,9,13,1.4336,6.4699,0,10.0,100.0,15.0,10.0,20.0
230,9,14,1.4037,7.8116,0,10.0,100.0,15.0,10.0,20.0
231,9,15,1.5384,8.7593,0,10.0,100.0,15.0,10.0,20.0
232,9,16,1.2484,5.8987,0,10.0,100.0,15.0,10.0,20.0
233,9,17,1.283,4.7859,0,10.0,100.0,15.0,10.0,20.0
234,9,18,1.0221,4.0263,1,10.0,100.0,15.0,10.0,20.0
235,9,19,1.0913,1.076,1,10.0,100.0,15.0,10.0,20.0
236,9,20,1.0323,0.0,1,10.0,100.0,15.0,10.0,20.0
237,9,21,0.9663,0.0,1,10.0,100.0,15.0,10.0,20.0
238,9,22,0.9108,0.0,1,10.0,100.0,15.0,10.0,20.0
239,9,23,0.8796,0.0,1,10.0,100.0,15.0,10.0,20.0
240,10,0,0.8423,0.0,1,10.0,100.0,15.0,10.0,20.0
241,10,1,0.7778,0.0,1,10.0,100.0,15.0,10.0,20.0
242,10,2,0.814,0.0,1,10.0,100.0,15.0,10.0,20.0
243,10,3,1.0385,0.0,1,10.0,100.0,15.0,10.0,20.0
244,10,4,1.0368,0.0,1,10.0,100.0,15.0,10.0,20.0
245,10,5,1.018,0.0,1,10.0,100.0,15.0,10.0,20.0
246,10,6,1.1952,0.0,1,10.0,100.0,15.0,10.0,20.0
247,10,7,1.4796,1.9614,0,10.0,100.0,15.0,10.0,20.0
248,10,8,1.407,1.5242,0,10.0,100.0,15.0,10.0,20.0
249,10,9,1.5282,4.731,0,10.0,100.0,15.0,10.0,20.0
250,10,10,1.5013,4.2981,0,10.0,100.0,15.0,10.0,20.0
251,10,11,1.449,7.2034,0,10.0,100.0,15.0,10.0,20.0
252,10,12,1.4635,7.0006,0,10.0,100.0,15.0,10.0,20.0
253,10,13,1.6317,8.8875,0,10.0,100.0,15.0,10.0,20.0
254,10,14,1.5408,8.806,0,10.0,100.0,15.0,10.0,20.0
255,10,15,1.4465,4.9185,0,10.0,100.0,15.0,10.0,20.0
256,10,16,1.3053,4.0581,0,10.0,100.0,15.0,10.0,20.0
257,10,17,1.4543,4.1793,0,10.0,100.0,15.0,10.0,20.0
258,10,18,1.3227,2.8311,1,10.0,100.0,15.0,10.0,20.0
259,10,19,1.0991,1.5932,1,10.0,100.0,15.0,10.0,20.0
260,10,20,1.0697,0.0,1,10.0,100.0,15.0,10.0,20.0
261,10,21,0.9292,0.0,1,10.0,100.0,15.0,10.0,20.0
262,10,22,0.9491,0.0,1,10.0,100.0,15.0,10.0,20.0
263,10,23,0.8328,0.0,1,10.0,100.0,15.0,10.0,20.0
264,11,0,0.8507,0.0,1,10.0,100.0,15.0,10.0,20.0
265,11,1,0.8467,0.0,1,10.0,100.0,15.0,10.0,20.0
266,11,2,0.825,0.0,1,10.0,100.0,15.0,10.0,20.0
267,11,3,0.847,0.0,1,10.0,100.0,15.0,10.0,20.0
268,11,4,1.0667,0.0,1,10.0,100.0,15.0,10.0,20.0
269,11,5,1.2738,0.0,1,10.0,100.0,15.0,10.0,20.0
270,11,6,1.3137,0.0,1,10.0,100.0,15.0,10.0,20.0
271,11,7,1.353,1.455,0,10.0,100.0,15.0,10.0,20.0
272,11,8,1.6891,2.8636,0,10.0,100.0,15.0,10.0,20.0
273,11,9,1.3107,4.6587,0,10.0,100.0,15.0,10.0,20.0
274,11,10,1.3322,5.8298,0,10.0,100.0,15.0,10.0,20.0
275,11,11,1.4039,5.4597,0,10.0,100.0,15.0,10.0,20.0
276,11,12,1.4608,6.6499,0,10.0,100.0,15.0,10.0,20.0
277,11,13,1.5659,5.0903,0,10.0,100.0,15.0,10.0,20.0
278,11,14,1.4455,6.429,0,10.0,100.0,15.0,10.0,20.0
279,11,15,1.431,4.9476,0,10.0,100.0,15.0,10.0,20.0
280,11,16,1.2311,5.0962,0,10.0,100.0,15.0,10.0,20.0
281,11,17,1.3944,3.7305,0,10.0,100.0,15.0,10.0,20.0
282,11,18,1.4311,3.9999,1,10.0,100.0,15.0,10.0,20.0
283,11,19,1.1556,0.9214,1,10.0,100.0,15.0,10.0,20.0
284,11,20,0.977,0.0,1,10.0,100.0,15.0,10.0,20.0
285,11,21,0.9187,0.0,1,10.0,100.0,15.0,10.0,20.0
286,11,22,0.8056,0.0,1,10.0,100.0,15.0,10.0,20.0
287,11,23,0.9078,0.0,1,10.0,100.0,15.0,10.0,20.0
288,12,0,0.867,0.0,1,10.0,100.0,15.0,10.0,20.0
289,12,1,0.7062,0.0,1,10.0,100.0,15.0,10.0,20.0
290,12,2,0.9304,0.0,1,10.0,100.0,15.0,10.0,20.0
291,12,3,0.9518,0.0,1,10.0,100.0,15.0,10.0,20.0
292,12,4,1.0356,0.0,1,10.0,100.0,15.0,10.0,20.0
293,12,5,1.0554,0.0,1,10.0,100.0,15.0,10.0,20.0
294,12,6,1.1829,0.0,1,10.0,100.0,15.0,10.0,20.0
295,12,7,1.2549,2.1517,0,10.0,100.0,15.0,10.0,20.0
296,12,8,1.4994,3.8159,0,10.0,100.0,15.0,10.0,20.0
297,12,9,1.3605,5.8611,0,10.0,100.0,15.0,10.0,20.0
298,12,10,1.4031,6.2588,0,10.0,100.0,15.0,10.0,20.0
299,12,11,1.7545,4.8387,0,10.0,100.0,15.0,10.0,20.0
300,12,12,1.5059,9.2914,0,10.0,100.0,15.0,10.0,20.0
301,12,13,1.3912,8.5296,0,10.0,100.0,15.0,10.0,20.0
302,12,14,1.2488,7.5834,0,10.0,100.0,15.0,10.0,20.0
303,12,15,1.4806,8.0714,0,10.0,100.0,15.0,10.0,20.0
304,12,16,1.3856,4.4659,0,10.0,100.0,15.0,10.0,20.0
305,12,17,1.3601,2.9113,0,10.0,100.0,15.0,10.0,20.0
306,12,18,1.1399,3.4872,1,10.0,100.0,15.0,10.0,20.0
307,12,19,1.1633,0.9887,1,10.0,100.0,15.0,10.0,20.0
308,12,20,1.0287,0.0,1,10.0,100.0,15.0,10.0,20.0
309,12,21,0.838,0.0,1,10.0,100.0,15.0,10.0,20.0
310,12,22,1.0329,0.0,1,10.0,100.0,15.0,10.0,20.0
311,12,23,0.8724,0.0,1,10.0,100.0,15.0,10.0,20.0
312,13,0,0.9202,0.0,1,10.0,100.0,15.0,10.0,20.0
313,13,1,0.7429,0.0,1,10.0,100.0,15.0,10.0,20.0
314,13,2,0.7776,0.0,1,10.0,100.0,15.0,10.0,20.0
315,13,3,0.9101,0.0,1,10.0,100.0,15.0,10.0,20.0
316,13,4,1.02,0.0,1,10.0,100.0,15.0,10.0,20.0
317,13,5,1.0935,0.0,1,10.0,100.0,15.0,10.0,20.0
318,13,6,1.2972,0.0,1,10.0,100.0,15.0,10.0,20.0
319,13,7,1.3263,1.6029,0,10.0,100.0,15.0,10.0,20.0
320,13,8,1.2308,3.8747,0,10.0,100.0,15.0,10.0,20.0
321,13,9,1.299,3.7662,0,10.0,100.0,15.0,10.0,20.0
322,13,10,1.4195,6.0119,0,10.0,100.0,15.0,10.0,20.0
323,13,11,1.4279,7.8774,0,10.0,100.0,15.0,10.0,20.0
324,13,12,1.4705,5.6067,0,10.0,100.0,15.0,10.0,20.0
325,13,13,1.6798,8.1059,0,10.0,100.0,15.0,10.0,20.0
326,13,14,1.4662,5.1089,0,10.0,100.0,15.0,10.0,20.0
327,13,15,1.303,8.6792,0,10.0,100.0,15.0,10.0,20.0
328,13,16,1.3934,4.6785,0,10.0,100.0,15.0,10.0,20.0
329,13,17,1.422,4.7695,0,10.0,100.0,15.0,10.0,20.0
330,13,18,1.2444,2.6147,1,10.0,100.0,15.0,10.0,20.0
331,13,19,1.044,1.4158,1,10.0,100.0,15.0,10.0,20.0
332,13,20,0.7151,0.0,1,10.0,100.0,15.0,10.0,20.0
333,13,21,0.7604,0.0,1,10.0,100.0,15.0,10.0,20.0
334,13,22,1.0822,0.0,1,10.0,100.0,15.0,10.0,20.0
335,13,23,0.8648,0.0,1,10.0,100.0,15.0,10.0,20.0
336,14,0,0.8149,0.0,1,10.0,100.0,15.0,10.0,20.0
337,14,1,0.8998,0.0,1,10.0,100.0,15.0,10.0,20.0
338,14,2,0.9911,0.0,1,10.0,100.0,15.0,10.0,20.0
339,14,3,0.9401,0.0,1,10.0,100.0,15.0,10.0,20.0
340,14,4,0.9825,0.0,1,10.0,100.0,15.0,10.0,20.0
341,14,5,1.1997,0.0,1,10.0,100.0,15.0,10.0,20.0
342,14,6,1.4054,0.0,1,10.0,100.0,15.0,10.0,20.0
343,14,7,1.3811,1.1371,0,10.0,100.0,15.0,10.0,20.0
344,14,8,1.4241,3.6658,0,10.0,100.0,15.0,10.0,20.0
345,14,9,1.2753,5.8372,0,10.0,100.0,15.0,10.0,20.0
346,14,10,1.5512,4.1848,0,10.0,100.0,15.0,10.0,20.0
347,14,11,1.3693,5.8005,0,10.0,100.0,15.0,10.0,20.0
348,14,12,1.4332,8.8133,0,10.0,100.0,15.0,10.0,20.0
349,14,13,1.5237,7.6403,0,10.0,100.0,15.0,10.0,20.0
350,14,14,1.4513,7.5922,0,10.0,100.0,15.0,10.0,20.0
351,14,15,1.5653,7.8757,0,10.0,100.0,15.0,10.0,20.0
352,14,16,1.4928,4.3782,0,10.0,100.0,15.0,10.0,20.0
353,14,17,1.3683,3.5134,0,10.0,100.0,15.0,10.0,20.0
354,14,18,1.0228,2.4028,1,10.0,100.0,15.0,10.0,20.0
355,14,19,1.0697,1.8018,1,10.0,100.0,15.0,10.0,20.0
356,14,20,0.9309,0.0,1,10.0,100.0,15.0,10.0,20.0
357,14,21,0.9623,0.0,1,10.0,100.0,15.0,10.0,20.0
358,14,22,0.9055,0.0,1,10.0,100.0,15.0,10.0,20.0
359,14,23,0.7912,0.0,1,10.0,100.0,15.0,10.0,20.0
360,15,0,0.8922,0.0,1,10.0,100.0,15.0,10.0,20.0
361,15,1,0.8041,0.0,1,10.0,100.0,15.0,10.0,20.0
362,15,2,0.7869,0.0,1,10.0,100.0,15.0,10.0,20.0
363,15,3,1.0416,0.0,1,10.0,100.0,15.0,10.0,20.0
364,15,4,0.9135,0.0,1,10.0,100.0,15.0,10.0,20.0
365,15,5,1.1075,0.0,1,10.0,100.0,15.0,10.0,20.0
366,15,6,1.392,0.0,1,10.0,100.0,15.0,10.0,20.0
367,15,7,1.2416,0.7488,0,10.0,100.0,15.0,10.0,20.0
368,15,8,1.1258,4.1667,0,10.0,100.0,15.0,10.0,20.0
369,15,9,1.4161,3.6784,0,10.0,100.0,15.0,10.0,20.0
370,15,10,1.87,4.9932,0,10.0,100.0,15.0,10.0,20.0
371,15,11,1.753,7.6958,0,10.0,100.0,15.0,10.0,20.0
372,15,12,1.7465,5.266,0,10.0,100.0,15.0,10.0,20.0
373,15,13,1.4302,8.3782,0,10.0,100.0,15.0,10.0,20.0
374,15,14,1.5796,7.285,0,10.0,100.0,15.0,10.0,20.0
375,15,15,1.3862,6.7752,0,10.0,100.0,15.0,10.0,20.0
376,15,16,1.2994,4.9823,0,10.0,100.0,15.0,10.0,20.0
377,15,17,1.4449,5.2035,0,10.0,100.0,15.0,10.0,20.0
378,15,18,1.3091,3.6983,1,10.0,100.0,15.0,10.0,20.0
379,15,19,1.1252,1.5672,1,10.0,100.0,15.0,10.0,20.0
380,15,20,1.1592,0.0,1,10.0,100.0,15.0,10.0,20.0
381,15,21,0.9253,0.0,1,10.0,100.0,15.0,10.0,20.0
382,15,22,1.0117,0.0,1,10.0,100.0,15.0,10.0,20.0
383,15,23,0.8308,0.0,1,10.0,100.0,15.0,10.0,20.0
384,16,0,0.898,0.0,1,10.0,100.0,15.0,10.0,20.0
385,16,1,0.9045,0.0,1,10.0,100.0,15.0,10.0,20.0
386,16,2,0.9897,0.0,1,10.0,100.0,15.0,10.0,20.0
387,16,3,1.0237,0.0,1,10.0,100.0,15.0,10.0,20.0
388,16,4,1.057,0.0,1,10.0,100.0,15.0,10.0,20.0
389,16,5,1.1755,0.0,1,10.0,100.0,15.0,10.0,20.0
390,16,6,1.1316,0.0,1,10.0,100.0,15.0,10.0,20.0
391,16,7,1.1182,1.8325,0,10.0,100.0,15.0,10.0,20.0
392,16,8,1.5132,3.0457,0,10.0,100.0,15.0,10.0,20.0
393,16,9,1.5626,3.4826,0,10.0,100.0,15.0,10.0,20.0
394,16,10,1.6013,7.5808,0,10.0,100.0,15.0,10.0,20.0
395,16,11,1.4895,5.2556,0,10.0,100.0,15.0,10.0,20.0
396,16,12,1.6062,9.2346,0,10.0,100.0,15.0,10.0,20.0
397,16,13,1.5554,7.0307,0,10.0,100.0,15.0,10.0,20.0
398,16,14,1.4892,5.4263,0,10.0,100.0,15.0,10.0,20.0
399,16,15,1.1677,6.4756,0,10.0,100.0,15.0,10.0,20.0
400,16,16,1.5356,6.781,0,10.0,100.0,15.0,10.0,20.0
401,16,17,1.3122,3.8734,0,10.0,100.0,15.0,10.0,20.0
402,16,18,1.4067,3.7446,1,10.0,100.0,15.0,10.0,20.0
403,16,19,1.0013,1.9099,1,10.0,100.0,15.0,10.0,20.0
404,16,20,1.0581,0.0,1,10.0,100.0,15.0,10.0,20.0
405,16,21,0.9483,0.0,1,10.0,100.0,15.0,10.0,20.0
406,16,22,1.1547,0.0,1,10.0,100.0,15.0,10.0,20.0
407,16,23,0.7953,0.0,1,10.0,100.0,15.0,10.0,20.0
408,17,0,0.7682,0.0,1,10.0,100.0,15.0,10.0,20.0
409,17,1,0.8001,0.0,1,10.0,100.0,15.0,10.0,20.0
410,17,2,0.8945,0.0,1,10.0,100.0,15.0,10.0,20.0
411,17,3,0.8633,0.0,1,10.0,100.0,15.0,10.0,20.0
412,17,4,0.9883,0.0,1,10.0,100.0,15.0,10.0,20.0
413,17,5,1.0966,0.0,1,10.0,100.0,15.0,10.0,20.0
414,17,6,1.4142,0.0,1,10.0,100.0,15.0,10.0,20.0
415,17,7,1.4569,1.5505,0,10.0,100.0,15.0,10.0,20.0
416,17,8,1.6824,3.6981,0,10.0,100.0,15.0,10.0,20.0
417,17,9,1.3207,2.1576,0,10.0,100.0,15.0,10.0,20.0
418,17,10,1.682,7.0144,0,10.0,100.0,15.0,10.0,20.0
419,17,11,1.4424,6.7799,0,10.0,100.0,15.0,10.0,20.0
420,17,12,1.4948,7.4453,0,10.0,100.0,15.0,10.0,20.0
421,17,13,1.412,9.9177,0,10.0,100.0,15.0,10.0,20.0
422,17,14,1.5788,4.4863,0,10.0,100.0,15.0,10.0,20.0
423,17,15,1.0739,7.4926,0,10.0,100.0,15.0,10.0,20.0
424,17,16,1.2255,5.857,0,10.0,100.0,15.0,10.0,20.0
425,17,17,1.2108,4.5076,0,10.0,100.0,15.0,10.0,20.0
426,17,18,1.3003,3.7899,1,10.0,100.0,15.0,10.0,20.0
427,17,19,1.2123,1.1999,1,10.0,100.0,15.0,10.0,20.0
428,17,20,1.2558,0.0,1,10.0,100.0,15.0,10.0,20.0
429,17,21,0.9496,0.0,1,10.0,100.0,15.0,10.0,20.0
430,17,22,0.9063,0.0,1,10.0,100.0,15.0,10.0,20.0
431,17,23,0.7601,0.0,1,10.0,100.0,15.0,10.0,20.0
432,18,0,0.8486,0.0,1,10.0,100.0,15.0,10.0,20.0
433,18,1,0.8344,0.0,1,10.0,100.0,15.0,10.0,20.0
434,18,2,0.8661,0.0,1,10.0,100.0,15.0,10.0,20.0
435,18,3,0.9964,0.0,1,10.0,100.0,15.0,10.0,20.0
436,18,4,1.0118,0.0,1,10.0,100.0,15.0,10.0,20.0
437,18,5,0.8593,0.0,1,10.0,100.0,15.0,10.0,20.0
438,18,6,1.049,0.0,1,10.0,100.0,15.0,10.0,20.0
439,18,7,1.184,1.8962,0,10.0,100.0,15.0,10.0,20.0
440,18,8,1.2439,1.2964,0,10.0,100.0,15.0,10.0,20.0
441,18,9,1.5934,5.9454,0,10.0,100.0,15.0,10.0,20.0
442,18,10,1.1977,2.3806,0,10.0,100.0,15.0,10.0,20.0
443,18,11,1.3676,8.3268,0,10.0,100.0,15.0,10.0,20.0
444,18,12,1.4126,7.6558,0,10.0,100.0,15.0,10.0,20.0
445,18,13,1.5896,3.2959,0,10.0,100.0,15.0,10.0,20.0
446,18,14,1.3387,7.5574,0,10.0,100.0,15.0,10.0,20.0
447,18,15,1.4839,8.3745,0,10.0,100.0,15.0,10.0,20.0
448,18,16,1.2806,6.1902,0,10.0,100.0,15.0,10.0,20.0
449,18,17,1.2311,4.9791,0,10.0,100.0,15.0,10.0,20.0
450,18,18,1.1328,2.7698,1,10.0,100.0,15.0,10.0,20.0
451,18,19,0.9626,1.3035,1,10.0,100.0,15.0,10.0,20.0
452,18,20,1.1968,0.0,1,10.0,100.0,15.0,10.0,20.0
453,18,21,0.9876,0.0,1,10.0,100.0,15.0,10.0,20.0
454,18,22,0.9024,0.0,1,10.0,100.0,15.0,10.0,20.0
455,18,23,0.8996,0.0,1,10.0,100.0,15.0,10.0,20.0
456,19,0,0.8101,0.0,1,10.0,100.0,15.0,10.0,20.0
457,19,1,0.7996,0.0,1,10.0,100.0,15.0,10.0,20.0
458,19,2,0.898,0.0,1,10.0,100.0,15.0,10.0,20.0
459,19,3,0.9581,0.0,1,10.0,100.0,15.0,10.0,20.0
460,19,4,1.0002,0.0,1,10.0,100.0,15.0,10.0,20.0
461,19,5,1.2293,0.0,1,10.0,100.0,15.0,10.0,20.0
462,19,6,0.9708,0.0,1,10.0,100.0,15.0,10.0,20.0
463,19,7,1.3772,1.6425,0,10.0,100.0,15.0,10.0,20.0
464,19,8,1.5878,2.6737,0,10.0,100.0,15.0,10.0,20.0
465,19,9,1.6412,5.5157,0,10.0,100.0,15.0,10.0,20.0
466,19,10,1.4708,6.8967,0,10.0,100.0,15.0,10.0,20.0
467,19,11,1.73,6.8482,0,10.0,100.0,15.0,10.0,20.0
468,19,12,1.5971,8.2791,0,10.0,100.0,15.0,10.0,20.0
469,19,13,1.5869,8.3826,0,10.0,100.0,15.0,10.0,20.0
470,19,14,1.6391,7.3972,0,10.0,100.0,15.0,10.0,20.0
471,19,15,1.2555,8.624,0,10.0,100.0,15.0,10.0,20.0
472,19,16,1.2425,6.3385,0,10.0,100.0,15.0,10.0,20.0
473,19,17,1.3019,2.7734,0,10.0,100.0,15.0,10.0,20.0
474,19,18,1.3705,3.9422,1,10.0,100.0,15.0,10.0,20.0
475,19,19,0.8994,1.2841,1,10.0,100.0,15.0,10.0,20.0
476,19,20,1.0444,0.0,1,10.0,100.0,15.0,10.0,20.0
477,19,21,0.9018,0.0,1,10.0,100.0,15.0,10.0,20.0
478,19,22,0.874,0.0,1,10.0,100.0,15.0,10.0,20.0
479,19,23,0.7834,0.0,1,10.0,100.0,15.0,10.0,20.0
480,20,0,0.8677,0.0,1,10.0,100.0,15.0,10.0,20.0
481,20,1,0.8432,0.0,1,10.0,100.0,15.0,10.0,20.0
482,20,2,0.7815,0.0,1,10.0,100.0,15.0,10.0,20.0
483,20,3,0.9394,0.0,1,10.0,100.0,15.0,10.0,20.0
484,20,4,1.0602,0.0,1,10.0,100.0,15.0,10.0,20.0
485,20,5,1.23,0.0,1,10.0,100.0,15.0,10.0,20.0
486,20,6,1.2226,0.0,1,10.0,100.0,15.0,10.0,20.0
487,20,7,1.3755,1.2221,0,10.0,100.0,15.0,10.0,20.0
488,20,8,1.4354,1.9579,0,10.0,100.0,15.0,10.0,20.0
489,20,9,1.6835,3.4628,0,10.0,100.0,15.0,10.0,20.0
490,20,10,1.4772,6.8461,0,10.0,100.0,15.0,10.0,20.0
491,20,11,1.5714,7.4413,0,10.0,100.0,15.0,10.0,20.0
492,20,12,1.4362,7.8685,0,10.0,100.0,15.0,10.0,20.0
493,20,13,1.4665,8.5574,0,10.0,100.0,15.0,10.0,20.0
494,20,14,1.5772,6.7635,0,10.0,100.0,15.0,10.0,20.0
495,20,15,1.495,7.1782,0,10.0,100.0,15.0,10.0,20.0
496,20,16,1.1645,4.666,0,10.0,100.0,15.0,10.0,20.0
497,20,17,1.1906,3.9844,0,10.0,100.0,15.0,10.0,20.0
498,20,18,1.1147,4.2875,1,10.0,100.0,15.0,10.0,20.0
499,20,19,1.2896,1.5768,1,10.0,100.0,15.0,10.0,20.0
500,20,20,1.0502,0.0,1,10.0,100.0,15.0,10.0,20.0
501,20,21,1.0855,0.0,1,10.0,100.0,15.0,10.0,20.0
502,20,22,0.8012,0.0,1,10.0,100.0,15.0,10.0,20.0
503,20,23,0.8679,0.0,1,10.0,100.0,15.0,10.0,20.0
504,21,0,0.9146,0.0,1,10.0,100.0,15.0,10.0,20.0
505,21,1,0.7492,0.0,1,10.0,100.0,15.0,10.0,20.0
506,21,2,1.0047,0.0,1,10.0,100.0,15.0,10.0,20.0
507,21,3,0.8813,0.0,1,10.0,100.0,15.0,10.0,20.0
508,21,4,0.8723,0.0,1,10.0,100.0,15.0,10.0,20.0
509,21,5,1.0803,0.0,1,10.0,100.0,15.0,10.0,20.0
510,21,6,1.128,0.0,1,10.0,100.0,15.0,10.0,20.0
511,21,7,1.2391,1.7317,0,10.0,100.0,15.0,10.0,20.0
512,21,8,1.3403,2.6548,0,10.0,100.0,15.0,10.0,20.0
513,21,9,1.3935,5.2225,0,10.0,100.0,15.0,10.0,20.0
514,21,10,1.3766,7.1526,0,10.0,100.0,15.0,10.0,20.0
515,21,11,1.4827,4.3633,0,10.0,100.0,15.0,10.0,20.0
516,21,12,1.529,5.5354,0,10.0,100.0,15.0,10.0,20.0
517,21,13,1.7177,3.7425,0,10.0,100.0,15.0,10.0,20.0
518,21,14,1.396,8.1135,0,10.0,100.0,15.0,10.0,20.0
519,21,15,1.5177,5.3946,0,10.0,100.0,15.0,10.0,20.0
520,21,16,1.3849,5.8537,0,10.0,100.0,15.0,10.0,20.0
521,21,17,1.1001,5.96,0,10.0,100.0,15.0,10.0,20.0
522,21,18,1.288,2.408,1,10.0,100.0,15.0,10.0,20.0
523,21,19,1.2251,2.0022,1,10.0,100.0,15.0,10.0,20.0
524,21,20,0.9858,0.0,1,10.0,100.0,15.0,10.0,20.0
525,21,21,0.9249,0.0,1,10.0,100.0,15.0,10.0,20.0
526,21,22,0.9236,0.0,1,10.0,100.0,15.0,10.0,20.0
527,21,23,1.0238,0.0,1,10.0,100.0,15.0,10.0,20.0
528,22,0,0.7855,0.0,1,10.0,100.0,15.0,10.0,20.0
529,22,1,0.7962,0.0,1,10.0,100.0,15.0,10.0,20.0
530,22,2,0.9871,0.0,1,10.0,100.0,15.0,10.0,20.0
531,22,3,0.9188,0.0,1,10.0,100.0,15.0,10.0,20.0
532,22,4,1.0358,0.0,1,10.0,100.0,15.0,10.0,20.0
533,22,5,1.0807,0.0,1,10.0,100.0,15.0,10.0,20.0
534,22,6,1.1661,0.0,1,10.0,100.0,15.0,10.0,20.0
535,22,7,1.1402,1.1801,0,10.0,100.0,15.0,10.0,20.0
536,22,8,1.5132,4.0991,0,10.0,100.0,15.0,10.0,20.0
537,22,9,1.1343,5.7165,0,10.0,100.0,15.0,10.0,20.0
538,22,10,1.6258,4.1755,0,10.0,100.0,15.0,10.0,20.0
539,22,11,1.7423,8.0039,0,10.0,100.0,15.0,10.0,20.0
540,22,12,1.5111,5.885,0,10.0,100.0,15.0,10.0,20.0
541,22,13,1.775,8.2385,0,10.0,100.0,15.0,10.0,20.0
542,22,14,1.2921,7.5497,0,10.0,100.0,15.0,10.0,20.0
543,22,15,1.4223,6.3999,0,10.0,100.0,15.0,10.0,20.0
544,22,16,1.5006,3.8309,0,10.0,100.0,15.0,10.0,20.0
545,22,17,1.5287,5.4332,0,10.0,100.0,15.0,10.0,20.0
546,22,18,1.2236,2.3314,1,10.0,100.0,15.0,10.0,20.0
547,22,19,1.2762,1.2709,1,10.0,100.0,15.0,10.0,20.0
548,22,20,0.9592,0.0,1,10.0,100.0,15.0,10.0,20.0
549,22,21,0.8042,0.0,1,10.0,100.0,15.0,10.0,20.0
550,22,22,0.8271,0.0,1,10.0,100.0,15.0,10.0,20.0
551,22,23,0.8676,0.0,1,10.0,100.0,15.0,10.0,20.0
552,23,0,0.8882,0.0,1,10.0,100.0,15.0,10.0,20.0
553,23,1,1.035,0.0,1,10.0,100.0,15.0,10.0,20.0
554,23,2,0.913,0.0,1,10.0,100.0,15.0,10.0,20.0
555,23,3,1.1107,0.0,1,10.0,100.0,15.0,10.0,20.0
556,23,4,0.9321,0.0,1,10.0,100.0,15.0,10.0,20.0
557,23,5,1.1655,0.0,1,10.0,100.0,15.0,10.0,20.0
558,23,6,1.0609,0.0,1,10.0,100.0,15.0,10.0,20.0
559,23,7,1.3344,2.0592,0,10.0,100.0,15.0,10.0,20.0
560,23,8,1.3942,2.0049,0,10.0,100.0,15.0,10.0,20.0
561,23,9,1.5209,5.5216,0,10.0,100.0,15.0,10.0,20.0
562,23,10,1.227,6.0621,0,10.0,100.0,15.0,10.0,20.0
563,23,11,1.6834,7.2112,0,10.0,100.0,15.0,10.0,20.0
564,23,12,1.2374,6.7361,0,10.0,100.0,15.0,10.0,20.0
565,23,13,1.3802,6.048,0,10.0,100.0,15.0,10.0,20.0
566,23,14,1.5462,6.9562,0,10.0,100.0,15.0,10.0,20.0
567,23,15,1.4849,5.783,0,10.0,100.0,15.0,10.0,20.0
568,23,16,1.571,5.6095,0,10.0,100.0,15.0,10.0,20.0
569,23,17,1.2473,2.801,0,10.0,100.0,15.0,10.0,20.0
570,23,18,1.3667,3.0309,1,10.0,100.0,15.0,10.0,20.0
571,23,19,1.2463,1.4286,1,10.0,100.0,15.0,10.0,20.0
572,23,20,0.9504,0.0,1,10.0,100.0,15.0,10.0,20.0
573,23,21,0.7345,0.0,1,10.0,100.0,15.0,10.0,20.0
574,23,22,0.792,0.0,1,10.0,100.0,15.0,10.0,20.0
575,23,23,0.7609,0.0,1,10.0,100.0,15.0,10.0,20.0
576,24,0,0.7467,0.0,1,10.0,100.0,15.0,10.0,20.0
577,24,1,0.7523,0.0,1,10.0,100.0,15.0,10.0,20.0
578,24,2,0.9288,0.0,1,10.0,100.0,15.0,10.0,20.0
579,24,3,0.8963,0.0,1,10.0,100.0,15.0,10.0,20.0
580,24,4,0.9944,0.0,1,10.0,100.0,15.0,10.0,20.0
581,24,5,1.0143,0.0,1,10.0,100.0,15.0,10.0,20.0
582,24,6,1.334,0.0,1,10.0,100.0,15.0,10.0,20.0
583,24,7,1.029,0.7112,0,10.0,100.0,15.0,10.0,20.0
584,24,8,1.387,3.7794,0,10.0,100.0,15.0,10.0,20.0
585,24,9,1.2691,4.6309,0,10.0,100.0,15.0,10.0,20.0
586,24,10,1.6979,6.3657,0,10.0,100.0,15.0,10.0,20.0
587,24,11,1.6118,5.8045,0,10.0,100.0,15.0,10.0,20.0
588,24,12,1.712,9.0633,0,10.0,100.0,15.0,10.0,20.0
589,24,13,1.5777,6.8607,0,10.0,100.0,15.0,10.0,20.0
590,24,14,1.641,3.5044,0,10.0,100.0,15.0,10.0,20.0
591,24,15,1.3538,8.4591,0,10.0,100.0,15.0,10.0,20.0
592,24,16,1.4681,5.683,0,10.0,100.0,15.0,10.0,20.0
593,24,17,1.3771,4.0239,0,10.0,100.0,15.0,10.0,20.0
594,24,18,0.9517,3.609,1,10.0,100.0,15.0,10.0,20.0
595,24,19,1.1244,1.814,1,10.0,100.0,15.0,10.0,20.0
596,24,20,0.931,0.0,1,10.0,100.0,15.0,10.0,20.0
597,24,21,0.8691,0.0,1,10.0,100.0,15.0,10.0,20.0
598,24,22,0.9393,0.0,1,10.0,100.0,15.0,10.0,20.0
599,24,23,0.7626,0.0,1,10.0,100.0,15.0,10.0,20.0
600,25,0,0.8528,0.0,1,10.0,100.0,15.0,10.0,20.0
601,25,1,0.9269,0.0,1,10.0,100.0,15.0,10.0,20.0
602,25,2,0.713,0.0,1,10.0,100.0,15.0,10.0,20.0
603,25,3,1.0233,0.0,1,10.0,100.0,15.0,10.0,20.0
604,25,4,0.8362,0.0,1,10.0,100.0,15.0,10.0,20.0
605,25,5,1.0757,0.0,1,10.0,100.0,15.0,10.0,20.0
606,25,6,1.1966,0.0,1,10.0,100.0,15.0,10.0,20.0
607,25,7,1.1429,0.9022,0,10.0,100.0,15.0,10.0,20.0
608,25,8,1.4743,2.4685,0,10.0,100.0,15.0,10.0,20.0
609,25,9,1.3819,5.1814,0,10.0,100.0,15.0,10.0,20.0
610,25,10,1.8051,5.4869,0,10.0,100.0,15.0,10.0,20.0
611,25,11,1.4652,6.5909,0,10.0,100.0,15.0,10.0,20.0
612,25,12,1.7018,5.3362,0,10.0,100.0,15.0,10.0,20.0
613,25,13,1.5493,9.126,0,10.0,100.0,15.0,10.0,20.0
614,25,14,1.5714,6.7099,0,10.0,100.0,15.0,10.0,20.0
615,25,15,1.5202,5.8092,0,10.0,100.0,15.0,10.0,20.0
616,25,16,1.665,6.038,0,10.0,100.0,15.0,10.0,20.0
617,25,17,1.6569,2.8286,0,10.0,100.0,15.0,10.0,20.0
618,25,18,1.2229,3.34,1,10.0,100.0,15.0,10.0,20.0
619,25,19,1.1573,1.8889,1,10.0,100.0,15.0,10.0,20.0
620,25,20,0.9877,0.0,1,10.0,100.0,15.0,10.0,20.0
621,25,21,0.9905,0.0,1,10.0,100.0,15.0,10.0,20.0
622,25,22,0.9766,0.0,1,10.0,100.0,15.0,10.0,20.0
623,25,23,0.9045,0.0,1,10.0,100.0,15.0,10.0,20.0
624,26,0,1.0251,0.0,1,10.0,100.0,15.0,10.0,20.0
625,26,1,0.9384,0.0,1,10.0,100.0,15.0,10.0,20.0
626,26,2,0.8553,0.0,1,10.0,100.0,15.0,10.0,20.0
627,26,3,0.8696,0.0,1,10.0,100.0,15.0,10.0,20.0
628,26,4,0.9781,0.0,1,10.0,100.0,15.0,10.0,20.0
629,26,5,1.1699,0.0,1,10.0,100.0,15.0,10.0,20.0
630,26,6,1.2392,0.0,1,10.0,100.0,15.0,10.0,20.0
631,26,7,1.1176,1.5897,0,10.0,100.0,15.0,10.0,20.0
632,26,8,1.2074,3.1337,0,10.0,100.0,15.0,10.0,20.0
633,26,9,1.6943,4.315,0,10.0,100.0,15.0,10.0,20.0
634,26,10,1.5878,5.6896,0,10.0,100.0,15.0,10.0,20.0
635,26,11,1.4523,5.0539,0,10.0,100.0,15.0,10.0,20.0
636,26,12,1.4934,5.6559,0,10.0,100.0,15.0,10.0,20.0
637,26,13,1.7065,5.511,0,10.0,100.0,15.0,10.0,20.0
638,26,14,1.6009,7.4024,0,10.0,100.0,15.0,10.0,20.0
639,26,15,1.4369,7.0082,0,10.0,100.0,15.0,10.0,20.0
640,26,16,1.2744,3.6835,0,10.0,100.0,15.0,10.0,20.0
641,26,17,1.1769,4.9834,0,10.0,100.0,15.0,10.0,20.0
642,26,18,0.9979,3.5614,1,10.0,100.0,15.0,10.0,20.0
643,26,19,1.1206,1.6509,1,10.0,100.0,15.0,10.0,20.0
644,26,20,1.1305,0.0,1,10.0,100.0,15.0,10.0,20.0
645,26,21,1.2467,0.0,1,10.0,100.0,15.0,10.0,20.0
646,26,22,0.9771,0.0,1,10.0,100.0,15.0,10.0,20.0
647,26,23,0.7311,0.0,1,10.0,100.0,15.0,10.0,20.0
648,27,0,0.8306,0.0,1,10.0,100.0,15.0,10.0,20.0
649,27,1,0.9343,0.0,1,10.0,100.0,15.0,10.0,20.0
650,27,2,0.9612,0.0,1,10.0,100.0,15.0,10.0,20.0
651,27,3,0.8314,0.0,1,10.0,100.0,15.0,10.0,20.0
652,27,4,1.0884,0.0,1,10.0,100.0,15.0,10.0,20.0
653,27,5,0.9252,0.0,1,10.0,100.0,15.0,10.0,20.0
654,27,6,1.0931,0.0,1,10.0,100.0,15.0,10.0,20.0
655,27,7,1.2438,1.1523,0,10.0,100.0,15.0,10.0,20.0
656,27,8,1.4082,1.7455,0,10.0,100.0,15.0,10.0,20.0
657,27,9,1.3866,3.9289,0,10.0,100.0,15.0,10.0,20.0
658,27,10,1.3633,5.8536,0,10.0,100.0,15.0,10.0,20.0
659,27,11,1.3535,5.342,0,10.0,100.0,15.0,10.0,20.0
660,27,12,1.6077,7.1718,0,10.0,100.0,15.0,10.0,20.0
661,27,13,1.6531,8.4949,0,10.0,100.0,15.0,10.0,20.0
662,27,14,1.5112,2.2528,0,10.0,100.0,15.0,10.0,20.0
663,27,15,1.3772,6.5407,0,10.0,100.0,15.0,10.0,20.0
664,27,16,1.4508,7.6824,0,10.0,100.0,15.0,10.0,20.0
665,27,17,1.0446,4.1393,0,10.0,100.0,15.0,10.0,20.0
666,27,18,1.1505,3.2366,1,10.0,100.0,15.0,10.0,20.0
667,27,19,1.1318,1.9361,1,10.0,100.0,15.0,10.0,20.0
668,27,20,1.0036,0.0,1,10.0,100.0,15.0,10.0,20.0
669,27,21,0.8597,0.0,1,10.0,100.0,15.0,10.0,20.0
670,27,22,0.8639,0.0,1,10.0,100.0,15.0,10.0,20.0
671,27,23,0.8253,0.0,1,10.0,100.0,15.0,10.0,20.0
672,28,0,0.7034,0.0,1,10.0,100.0,15.0,10.0,20.0
673,28,1,0.8043,0.0,1,10.0,100.0,15.0,10.0,20.0
674,28,2,0.8587,0.0,1,10.0,100.0,15.0,10.0,20.0
675,28,3,0.9788,0.0,1,10.0,100.0,15.0,10.0,20.0
676,28,4,1.0281,0.0,1,10.0,100.0,15.0,10.0,20.0
677,28,5,0.9608,0.0,1,10.0,100.0,15.0,10.0,20.0
678,28,6,1.2426,0.0,1,10.0,100.0,15.0,10.0,20.0
679,28,7,1.6863,1.5765,0,10.0,100.0,15.0,10.0,20.0
680,28,8,1.58,2.6206,0,10.0,100.0,15.0,10.0,20.0
681,28,9,1.5548,2.6664,0,10.0,100.0,15.0,10.0,20.0
682,28,10,1.4428,3.5398,0,10.0,100.0,15.0,10.0,20.0
683,28,11,1.6293,4.6158,0,10.0,100.0,15.0,10.0,20.0
684,28,12,1.6435,5.3252,0,10.0,100.0,15.0,10.0,20.0
685,28,13,1.5334,8.0479,0,10.0,100.0,15.0,10.0,20.0
686,28,14,1.7417,7.4476,0,10.0,100.0,15.0,10.0,20.0
687,28,15,1.3461,6.9939,0,10.0,100.0,15.0,10.0,20.0
688,28,16,1.6215,6.7119,0,10.0,100.0,15.0,10.0,20.0
689,28,17,1.3637,5.4988,0,10.0,100.0,15.0,10.0,20.0
690,28,18,1.195,2.8956,1,10.0,100.0,15.0,10.0,20.0
691,28,19,1.0112,1.3497,1,10.0,100.0,15.0,10.0,20.0
692,28,20,0.8891,0.0,1,10.0,100.0,15.0,10.0,20.0
693,28,21,0.9843,0.0,1,10.0,100.0,15.0,10.0,20.0
694,28,22,0.8818,0.0,1,10.0,100.0,15.0,10.0,20.0
695,28,23,0.7534,0.0,1,10.0,100.0,15.0,10.0,20.0
696,29,0,0.8716,0.0,1,10.0,100.0,15.0,10.0,20.0
697,29,1,0.8043,0.0,1,10.0,100.0,15.0,10.0,20.0
698,29,2,0.7493,0.0,1,10.0,100.0,15.0,10.0,20.0
699,29,3,0.8799,0.0,1,10.0,100.0,15.0,10.0,20.0
700,29,4,1.1372,0.0,1,10.0,100.0,15.0,10.0,20.0
701,29,5,1.2599,0.0,1,10.0,100.0,15.0,10.0,20.0
702,29,6,0.8447,0.0,1,10.0,100.0,15.0,10.0,20.0
703,29,7,1.4274,1.8045,0,10.0,100.0,15.0,10.0,20.0
704,29,8,1.3977,2.4107,0,10.0,100.0,15.0,10.0,20.0
705,29,9,1.625,3.543,0,10.0,100.0,15.0,10.0,20.0
706,29,10,1.5997,6.8039,0,10.0,100.0,15.0,10.0,20.0
707,29,11,1.3953,7.0894,0,10.0,100.0,15.0,10.0,20.0
708,29,12,1.3878,8.8844,0,10.0,100.0,15.0,10.0,20.0
709,29,13,1.654,5.7795,0,10.0,100.0,15.0,10.0,20.0
710,29,14,1.6237,7.7411,0,10.0,100.0,15.0,10.0,20.0
711,29,15,1.464,4.7317,0,10.0,100.0,15.0,10.0,20.0
712,29,16,1.4646,6.972,0,10.0,100.0,15.0,10.0,20.0
713,29,17,1.2948,3.2228,0,10.0,100.0,15.0,10.0,20.0
714,29,18,1.0933,3.5395,1,10.0,100.0,15.0,10.0,20.0
715,29,19,1.0193,1.8143,1,10.0,100.0,15.0,10.0,20.0
716,29,20,0.7958,0.0,1,10.0,100.0,15.0,10.0,20.0
717,29,21,0.8923,0.0,1,10.0,100.0,15.0,10.0,20.0
718,29,22,0.9733,0.0,1,10.0,100.0,15.0,10.0,20.0
719,29,23,0.8841,0.0,1,10.0,100.0,15.0,10.0,20.0
